"","holc_grade","Completeness","Slope","Richness","Observed_.richness","Records"
"1","A",67.4346278355138,0.15948753416742,92.4769755258313,58.3878787878788,2055.01717171717
"2","B",65.6797759148383,0.16860733032542,84.978339162606,51.9897435897436,1648.60699300699
"3","C",62.9279686934234,0.192226810617029,85.1146090238443,47.6196224079232,1286.89910244506
"4","D",59.2276366038661,0.222377062486587,79.6799227674799,42.2012352032939,1189.74369531652
